Date,Handy_Odessa_Agioi_30,Handy_Fawley_Rotterdam_30,Handy_Lavera_Augusta_30
2003-06-06T00:00:00Z,20853.96513,30646.94181,27811.37783
2003-06-13T00:00:00Z,18046.31609,32645.57662,25270.86261
2003-06-20T00:00:00Z,23790.32058,35386.66877,30460.69867
2003-06-27T00:00:00Z,25638.64454,35900.38891,32148.47385
2003-07-04T00:00:00Z,28060.17435,35671.65171,34362.57221
2003-07-11T00:00:00Z,25932.9865,34326.52088,32439.05152
2003-07-18T00:00:00Z,21785.86614,33698.43214,28682.6815
2003-07-25T00:00:00Z,21105.40495,32378.71655,28065.68696
2003-08-01T00:00:00Z,17724.55006,30456.32748,24998.84856
2003-08-08T00:00:00Z,14873.99888,29764.70063,22422.06479
2003-08-15T00:00:00Z,17065.53993,29815.53112,24399.98829
2003-08-22T00:00:00Z,16492.33408,30557.98845,23873.66511
2003-08-29T00:00:00Z,15045.60742,31198.78481,22567.13895
2003-09-05T00:00:00Z,15174.31384,30608.81894,22675.94457
2003-09-12T00:00:00Z,15217.21597,30634.23419,22712.21311
2003-09-19T00:00:00Z,16771.19798,30723.18754,24109.41062
2003-09-26T00:00:00Z,16578.13836,29276.39573,23946.20219
2003-10-03T00:00:00Z,14450.95051,28597.47651,22022.6815
2003-10-10T00:00:00Z,14472.40157,27943.97253,22040.81577
2003-10-17T00:00:00Z,16449.43195,29200.15,23837.39657
2003-10-24T00:00:00Z,25681.54668,33927.16934,32184.74239
2003-10-31T00:00:00Z,33445.48369,34618.79619,39207.42779
2003-11-07T00:00:00Z,36113.70079,34536.19665,41630.07026
2003-11-14T00:00:00Z,38867.72216,34504.42759,44125.2498
2003-11-21T00:00:00Z,35390.33746,37188.33544,40976.80718
2003-11-28T00:00:00Z,35594.12261,37309.05785,41149.08275
2003-12-05T00:00:00Z,38509.027,40037.44238,43780.26932
2003-12-12T00:00:00Z,38509.027,41369.86559,43780.26932
2003-12-19T00:00:00Z,42688.32396,41350.80415,47563.84075
2003-12-26T00:00:00Z,42881.38358,41465.17275,47727.04918
2004-01-02T00:00:00Z,43640.95613,44661.60051,53019.11788
2004-01-09T00:00:00Z,46816.91226,53873.4037,52089.86339
2004-01-16T00:00:00Z,52939.74691,56035.86104,57710.47229
2004-01-23T00:00:00Z,52431.8054,58350.80984,57225.50742
2004-01-30T00:00:00Z,53282.964,58401.64033,58000.62061
2004-02-06T00:00:00Z,51880.96175,57757.06695,56704.274
2004-02-13T00:00:00Z,42503.65017,56201.06013,48110.15222
2004-02-20T00:00:00Z,42332.04162,51053.66536,47965.07806
2004-02-27T00:00:00Z,39971.62542,45248.98959,45802.94692
2004-03-05T00:00:00Z,30064.92126,45274.40484,38110.87822
2004-03-12T00:00:00Z,27747.4072,43820.05899,35985.01561
2004-03-19T00:00:00Z,25537.14848,42429.25125,32544.67213
2004-03-26T00:00:00Z,22454.28009,34487.53339,29716.23341
2004-04-02T00:00:00Z,16267.09224,30124.49585,24041.2217
2004-04-09T00:00:00Z,16149.11136,30054.60393,23941.48322
2004-04-16T00:00:00Z,17690.54556,30781.77685,25355.70258
2004-04-23T00:00:00Z,20730.51181,32210.70745,28147.87276
2004-04-30T00:00:00Z,23620.32058,29225.77002,30813.10304
2004-05-07T00:00:00Z,23459.43757,31292.92019,30677.09602
2004-05-14T00:00:00Z,22661.90664,34877.95432,29947.3185
2004-05-21T00:00:00Z,26359.97188,40568.26149,33351.39344
2004-05-28T00:00:00Z,27254.03262,42086.14545,34162.77518
2004-06-04T00:00:00Z,27572.35658,41687.61303,34459.66042
2004-06-11T00:00:00Z,29020.70304,42946.74841,35767.40437
2004-06-18T00:00:00Z,32997.63217,44477.33999,39407.22482
2004-06-25T00:00:00Z,32911.8279,43705.69039,39334.68774
2004-07-02T00:00:00Z,29192.31159,40165.13294,35912.47853
2004-07-09T00:00:00Z,28190.9955,34979.6153,35010.42545
2004-07-16T00:00:00Z,28169.54443,34246.08857,34992.29118
2004-07-23T00:00:00Z,28019.38695,34157.13521,34865.35129
2004-07-30T00:00:00Z,21875.10124,30540.33203,29226.60812
2004-08-06T00:00:00Z,21045.3937,30502.20916,27064.47697
2004-08-13T00:00:00Z,19600.48931,29832.22054,27137.01405
2004-08-20T00:00:00Z,20430.19685,31672.39118,27893.99297
2004-08-27T00:00:00Z,20601.8054,35017.73817,28039.06714
2004-09-03T00:00:00Z,19750.64679,36408.54591,27263.95394
2004-09-10T00:00:00Z,21367.15973,37901.01462,28741.64325
2004-09-17T00:00:00Z,23577.41845,37129.36502,30776.8345
2004-09-24T00:00:00Z,24321.32171,37116.6574,31461.27635
2004-10-01T00:00:00Z,25744.77503,38494.75751,32775.75722
2004-10-08T00:00:00Z,40200.70304,44210.47992,46052.16628
2004-10-15T00:00:00Z,44685.57368,54959.2285,50176.9516
2004-10-22T00:00:00Z,55357.63217,57817.08971,59976.74863
2004-10-29T00:00:00Z,64713.49269,59360.38891,68552.73614
2004-11-05T00:00:00Z,61823.68391,60903.68811,65887.50585
2004-11-12T00:00:00Z,59084.03262,61094.30245,63349.21546
2004-11-19T00:00:00Z,59448.70079,55543.77913,63657.49805
2004-11-26T00:00:00Z,56151.32171,56124.81439,60647.71663
2004-12-03T00:00:00Z,44195.24184,54133.90996,49651.31148
2004-12-10T00:00:00Z,43841.29921,51040.95774,49352.09602
2004-12-17T00:00:00Z,40629.72441,50952.00438,46414.85168
2004-12-24T00:00:00Z,40726.25422,48846.73134,46496.45589
2004-12-31T00:00:00Z,42374.94376,48916.62327,48001.3466
2005-01-07T00:00:00Z,31133.4027,48765.50836,40345.47619
2005-01-14T00:00:00Z,28420.02812,48549.47878,37738.36456
2005-01-21T00:00:00Z,29095.67492,49264.09767,38413.96956
2005-01-28T00:00:00Z,33728.73453,48447.81781,42957.22482
2005-02-04T00:00:00Z,33771.63667,46916.91906,42993.49336
2005-02-11T00:00:00Z,32184.38133,45347.89744,41442.8064
2005-02-18T00:00:00Z,26575.35996,42159.02372,35970.06635
2005-02-25T00:00:00Z,26317.94713,41228.37526,35752.45511
2005-03-04T00:00:00Z,27015.04499,40399.38777,36446.19438
2005-03-11T00:00:00Z,25910.37683,40208.77344,35407.90398
2005-03-18T00:00:00Z,25738.76828,41663.42645,35262.82982
2005-03-25T00:00:00Z,25717.31721,41650.71883,35244.69555
2005-04-01T00:00:00Z,25749.49381,42837.01576,35271.89696
2005-04-08T00:00:00Z,25610,41123.3525,35258.39969
2005-04-15T00:00:00Z,25652.964,40056.28197,35190.29274
2005-04-22T00:00:00Z,25551.04049,38207.69266,35156.3427
2005-04-29T00:00:00Z,25009.43195,34227.95432,34646.26464
2005-05-06T00:00:00Z,26789.74691,33576.87355,36360.16003
2005-05-13T00:00:00Z,31583.68954,39859.31382,41039.42233
2005-05-20T00:00:00Z,32377.31721,42978.29562,41814.76581
2005-05-27T00:00:00Z,32441.67042,50797.98845,41869.16862
2005-06-03T00:00:00Z,31508.6108,49930.8781,40975.95238
2005-06-10T00:00:00Z,30221.67042,50096.07719,39679.1452
2005-06-17T00:00:00Z,32291.51294,49930.8781,41742.22873
2005-06-24T00:00:00Z,35251.51294,49829.21712,44662.25995
2005-07-01T00:00:00Z,36184.57255,49918.17048,45555.47619
2005-07-08T00:00:00Z,33835.80427,37003.83032,43361.02264
2005-07-15T00:00:00Z,33492.64904,46602.22054,42966.49883
2005-07-22T00:00:00Z,25803.05962,39681.40711,35421.60812
2005-07-29T00:00:00Z,22660.72553,33449.79733,32347.4356
2005-08-05T00:00:00Z,11700.09561,27224.54135,21619.56674
2005-08-12T00:00:00Z,8075.11249,25375.95205,19669.92584
2005-08-19T00:00:00Z,12965.58493,28602.94864,22898.23966
2005-08-26T00:00:00Z,14145.26997,30708.68242,24104.37549
2005-09-02T00:00:00Z,17813.09336,32897.01576,26960.93677
2005-09-09T00:00:00Z,34178.95951,40634.10905,43755.54645
2005-09-16T00:00:00Z,37417.8234,42253.96115,46911.32319
2005-09-23T00:00:00Z,42029.43195,43759.44465,51436.44418
2005-09-30T00:00:00Z,43702.49156,50048.23874,53059.66823
2005-10-07T00:00:00Z,56711.5748,56559.41621,65728.11085
2005-10-14T00:00:00Z,58652.71091,67990.32634,67682.38876
2005-10-21T00:00:00Z,61333.90889,72078.07947,70262.29899
2005-10-28T00:00:00Z,62813.90889,76696.19096,71722.3146
2005-11-04T00:00:00Z,59886.08549,73704.28538,68829.48478
2005-11-11T00:00:00Z,45868.92576,64410.8781,55099.98048
2005-11-18T00:00:00Z,31873.2171,47348.60848,41388.61046
2005-11-25T00:00:00Z,31851.76603,44223.27287,41370.47619
2005-12-02T00:00:00Z,31841.04049,42660.60506,41361.40906
2005-12-09T00:00:00Z,30843.62767,38642.74386,40413.79001
2005-12-16T00:00:00Z,44313.84702,43406.993,53576.49493
2005-12-23T00:00:00Z,50737.94713,48949.39915,59842.71272
2005-12-30T00:00:00Z,52217.94713,52789.35364,61302.72834
2006-01-06T00:00:00Z,61448.53768,63877.23191,70554.05933
2006-01-13T00:00:00Z,61394.91001,64680.95774,70508.72365
2006-01-20T00:00:00Z,58537.94151,64509.40484,67745.87822
2006-01-27T00:00:00Z,58602.29471,64547.5277,67800.28103
2006-02-03T00:00:00Z,49958.56018,64496.69721,59334.30133
2006-02-10T00:00:00Z,33505.43307,55191.88493,43223.55191
2006-02-17T00:00:00Z,18262.04162,43590.26377,28251.36222
2006-02-24T00:00:00Z,14860.32058,44856.21371,24912.11944
2006-03-03T00:00:00Z,10880.54556,41020.24101,21026.26464
2006-03-10T00:00:00Z,11286.991,40172.03851,21427.8025
2006-03-17T00:00:00Z,16464.65129,38526.46399,26500.13661
2006-03-24T00:00:00Z,22498.10461,36880.88948,32411.81499
2006-03-31T00:00:00Z,22176.33858,34183.7905,31300.45667
2006-04-07T00:00:00Z,24679.36445,33310.17275,34603.43091
2006-04-14T00:00:00Z,24647.18785,33291.11132,34576.22951
2006-04-21T00:00:00Z,27802.2216,29790.28652,37706.92818
2006-04-28T00:00:00Z,27010.78178,30663.90427,36921.98673
2006-05-05T00:00:00Z,26871.34983,31416.7996,36804.11397
2006-05-12T00:00:00Z,26047.73341,30600.36616,35991.97112
2006-05-19T00:00:00Z,25417.1766,37417.75523,35343.03669
2006-05-26T00:00:00Z,25417.1766,38253.25011,35343.03669
2006-06-02T00:00:00Z,23823.57143,38323.14204,33764.08665
2006-06-09T00:00:00Z,24936.77728,39311.12839,34821.04215
2006-06-16T00:00:00Z,26648.36333,39311.12839,36499.73068
2006-06-23T00:00:00Z,26862.87402,39438.20461,36681.07338
2006-06-30T00:00:00Z,26701.991,41013.8872,36545.06635
2006-07-07T00:00:00Z,31665.14061,45089.70063,41436.05777
2006-07-14T00:00:00Z,34745.09561,44886.37867,44503.28649
2006-07-21T00:00:00Z,49411.55793,45791.76547,58871.87744
2006-07-28T00:00:00Z,45111.14173,43272.57321,54657.02186
2006-08-04T00:00:00Z,33097.86277,36569.55273,42879.00078
2006-08-11T00:00:00Z,34777.27222,36550.4913,42851.79938
2006-08-18T00:00:00Z,35184.84252,35956.44124,44875.03903
2006-08-25T00:00:00Z,32671.09111,40165.6847,42402.34192
2006-09-01T00:00:00Z,31045.30934,38545.52543,40796.19048
2006-09-08T00:00:00Z,31066.7604,35216.25353,40814.32475
2006-09-15T00:00:00Z,27911.72666,36210.59369,37683.62607
2006-09-22T00:00:00Z,22457.45219,36528.28424,32261.57299
2006-09-29T00:00:00Z,25580.30934,35514.88265,35365.07026
2006-10-06T00:00:00Z,24831.77165,32236.44124,34616.39735
2006-10-13T00:00:00Z,24008.15523,29749.01803,33804.25449
2006-10-20T00:00:00Z,33389.70191,38920.40029,43009.83997
2006-10-27T00:00:00Z,34245.49494,43933.36957,43849.18423
2006-11-03T00:00:00Z,34342.02475,41484.06923,43930.78845
2006-11-10T00:00:00Z,32405.20247,35502.17503,42061.69009
2006-11-17T00:00:00Z,30052.33408,34793.75637,39725
2006-11-24T00:00:00Z,22564.70754,35756.32748,32352.24434
2006-12-01T00:00:00Z,12957.92463,33970.96911,22956.24902
2006-12-08T00:00:00Z,12145.03375,33996.38436,22153.1733
2006-12-15T00:00:00Z,29710.24184,39022.06126,39377.86495
2006-12-22T00:00:00Z,29903.30146,39136.42986,39541.07338
2006-12-29T00:00:00Z,32021.33296,44972.18641,41621.29977
2007-01-05T00:00:00Z,40639.60067,48742.42531,49355.53864
2007-01-12T00:00:00Z,39834.07762,51542.64147,48556.9516
2007-01-19T00:00:00Z,40091.49044,53502.64147,48774.56284
2007-01-26T00:00:00Z,41841.9685,57022.35137,50489.60968
2007-02-02T00:00:00Z,44333.61642,54992.45944,52948.84075
2007-02-09T00:00:00Z,43077.62092,53910.79847,51769.43404
2007-02-16T00:00:00Z,39383.60517,48564.5186,48176.13193
2007-02-23T00:00:00Z,38470.82677,48589.93385,47286.87354
2007-03-02T00:00:00Z,34304.88751,45675.34909,43294.61749
2007-03-09T00:00:00Z,29547.93588,42976.79391,38685.1171
2007-03-16T00:00:00Z,22879.62317,41181.993,32224.56284
2007-03-23T00:00:00Z,34133.27897,47381.19665,43149.54333
2007-03-30T00:00:00Z,42348.28459,48056.21371,51152.86885
2007-04-06T00:00:00Z,42273.20585,48011.73703,51089.39891
2007-04-13T00:00:00Z,36292.43532,51480.61644,45327.69321
2007-04-20T00:00:00Z,35250.95051,50526.03168,44329.6292
2007-04-27T00:00:00Z,36701.11361,49349.06354,45790.79625
2007-05-04T00:00:00Z,36604.5838,52906.8963,45709.19204
2007-05-11T00:00:00Z,38859.16198,51302.70973,47850.39422
2007-05-18T00:00:00Z,37903.48144,53110.21826,46924.86729
2007-05-25T00:00:00Z,37871.30484,51283.64829,46897.66589
2007-06-01T00:00:00Z,31567.66029,51512.3855,40745.39422
2007-06-08T00:00:00Z,33125.07874,54013.97253,40446.17877
2007-06-15T00:00:00Z,37581.71541,51112.09539,46652.85324
2007-06-22T00:00:00Z,37731.87289,49393.54022,46779.79313
2007-06-29T00:00:00Z,34703.94826,48394.47878,44792.73224
2007-07-06T00:00:00Z,31665.29809,49196.57207,40945.55035
2007-07-13T00:00:00Z,34742.04162,51748.98959,43958.21624
2007-07-20T00:00:00Z,38086.92351,53104.62099,47197.5605
2007-07-27T00:00:00Z,41437.72216,52373.17617,50500.71429
2007-08-03T00:00:00Z,35725.08999,50578.37526,44965.68696
2007-08-10T00:00:00Z,26683.11024,38230.79847,36145.64012
2007-08-17T00:00:00Z,23912.59843,37836.10563,33450.66354
2007-08-24T00:00:00Z,21313.69516,36639.31951,31826.28806
2007-08-31T00:00:00Z,22044.13948,35602.13521,31635.87822
2007-09-07T00:00:00Z,18737.35096,33534.12042,28487.54489
2007-09-14T00:00:00Z,11091.90664,34437.87469,21083.32943
2007-09-21T00:00:00Z,20434.20135,35214.55273,30157.25605
2007-09-28T00:00:00Z,22302.66029,36996.64602,31972.04137
2007-10-05T00:00:00Z,19371.26547,35151.01462,29141.05777
2007-10-12T00:00:00Z,25825.06749,35011.23077,35420.26932
2007-10-19T00:00:00Z,22250.14061,33688.12497,32045.25761
2007-10-26T00:00:00Z,24752.51406,33923.97253,34513.55582
2007-11-02T00:00:00Z,19234.04949,37552.45376,29260.28884
2007-11-09T00:00:00Z,16979.47132,35541.62327,27119.08665
2007-11-16T00:00:00Z,22326.32733,36782.12952,32227.27947
2007-11-23T00:00:00Z,37381.25422,37546.09994,46836.23341
2007-11-30T00:00:00Z,43565.8099,36005.45148,52770.21468
2007-12-07T00:00:00Z,45970.54556,40816.49812,55038.35675
2007-12-14T00:00:00Z,43866.12486,52450.93498,53024.09446
2007-12-21T00:00:00Z,39818.16648,54125.01348,49131.57689
2007-12-28T00:00:00Z,39818.16648,52317.50495,45429.46916
2008-01-04T00:00:00Z,35779.29696,51915.22395,46906.75644
2008-01-11T00:00:00Z,31400.98425,51270.03624,42461.41686
2008-01-18T00:00:00Z,26065.49494,51587.72679,37058.09914
2008-01-25T00:00:00Z,23408.47582,52703.09653,34365.50742
2008-02-01T00:00:00Z,18193.57143,40160.26377,29212.9313
2008-02-08T00:00:00Z,15879.7694,31977.24898,26810.4879
2008-02-15T00:00:00Z,17043.33521,32457.2376,28091.74473
2008-02-22T00:00:00Z,17657.29471,30340.86672,28759.57455
2008-02-29T00:00:00Z,17043.33521,33882.49357,28091.74473
2008-03-07T00:00:00Z,13399.56693,34888.39801,24564.97658
2008-03-14T00:00:00Z,17399.88189,40640.25239,28541.96331
2008-03-21T00:00:00Z,17271.17548,40564.00666,28433.15769
2008-03-28T00:00:00Z,26896.56918,43319.21143,38058.27479
2008-04-04T00:00:00Z,31100.66929,44440.93498,42207.53708
2008-04-11T00:00:00Z,26682.05849,45092.47651,36900.81967
2008-04-18T00:00:00Z,29328.35208,44920.92361,40560.45667
2008-04-25T00:00:00Z,38221.8054,48297.35137,43561.33099
2008-05-02T00:00:00Z,38253.982,48791.49812,49445.20687
2008-05-09T00:00:00Z,37524.64567,50259.78026,48828.64169
2008-05-16T00:00:00Z,41471.33296,54079.52429,52760.29274
2008-05-23T00:00:00Z,44291.83915,57232.11815,55739.89461
2008-05-30T00:00:00Z,45021.17548,59564.5186,56356.4598
2008-06-06T00:00:00Z,49300.35433,61680.88948,60569.19204
2008-06-13T00:00:00Z,48798.85827,63654.57548,60294.03981
2008-06-20T00:00:00Z,54455.47008,62576.94738,65968.82756
2008-06-27T00:00:00Z,57263.29021,60600.74158,68788.9032
2008-07-04T00:00:00Z,49782.69404,55846.98732,61572.15847
2008-07-11T00:00:00Z,47964.87064,54029.24556,59737.8064
2008-07-18T00:00:00Z,44642.86839,49999.82577,56483.0523
2008-07-25T00:00:00Z,43433.7964,52923.13066,55014.52381
2008-08-01T00:00:00Z,36854.14511,51553.60848,48559.41842
2008-08-08T00:00:00Z,21743.10461,49027.1409,33404.04372
2008-08-15T00:00:00Z,18725.47807,47368.24443,30332.20141
2008-08-22T00:00:00Z,33786.95163,51105.38891,45371.27244
2008-08-29T00:00:00Z,31196.88976,51680.6847,42884.08665
2008-09-05T00:00:00Z,28236.95163,50345.8326,39786.61202
2008-09-12T00:00:00Z,25727.48594,50228.01121,37069.95706
2008-09-19T00:00:00Z,35790.0225,50971.40711,46915.82358
2008-09-26T00:00:00Z,42117.46907,53882.55614,53455.32397
2008-10-03T00:00:00Z,39310.29246,55859.14318,50635.79235
2008-10-10T00:00:00Z,34794.0045,56001.82804,45850.6089
2008-10-17T00:00:00Z,40321.40607,56297.00438,51044.16081
2008-10-24T00:00:00Z,41179.44882,53479.712,51769.53162
2008-10-31T00:00:00Z,35672.35096,50370.14431,46221.13973
2008-11-07T00:00:00Z,36927.23847,47312.85762,47281.99454
2008-11-14T00:00:00Z,37381.77165,37420.11587,47591.84621
2008-11-21T00:00:00Z,39242.49719,40688.52884,49462.46682
2008-11-28T00:00:00Z,44378.26209,39117.13521,54622.54098
2008-12-05T00:00:00Z,42828.57705,38408.40939,53014.86729
2008-12-12T00:00:00Z,42656.9685,38306.74841,52869.79313
2008-12-19T00:00:00Z,36892.45782,38370.28652,47103.79001
2008-12-26T00:00:00Z,37535.98988,38751.51519,47647.81811
2009-01-02T00:00:00Z,28038.27275,41963.84608,40680.04649
2009-01-09T00:00:00Z,10688.89072,29013.74141,22556.32517
2009-01-16T00:00:00Z,10375.12153,28930.35149,22122.54969
2009-01-23T00:00:00Z,7875.17202,26041.89516,19492.48685
2009-01-30T00:00:00Z,6552.91587,23783.53822,18071.51338
2009-02-06T00:00:00Z,6592.0461,21835.35985,18071.51338
2009-02-13T00:00:00Z,8649.39671,21842.1995,20175.56365
2009-02-20T00:00:00Z,10645.82435,22101.47472,22307.02385
2009-02-27T00:00:00Z,9058.76385,24148.61167,20636.74907
2009-03-06T00:00:00Z,11366.271,25149.4807,23082.33774
2009-03-13T00:00:00Z,13681.28102,25162.40004,25370.86217
2009-03-20T00:00:00Z,12930.45347,24874.82154,24568.13836
2009-03-27T00:00:00Z,11639.86403,22829.76569,23276.29681
2009-04-03T00:00:00Z,8701.89123,21333.15209,20157.11624
2009-04-10T00:00:00Z,8428.2172,21311.11321,19843.51015
2009-04-17T00:00:00Z,3705.20331,20178.23081,14888.02805
2009-04-24T00:00:00Z,3593.39021,21973.57253,14841.64831
2009-05-01T00:00:00Z,2305.36781,20276.05296,13402.22743
2009-05-08T00:00:00Z,1837.2845,19530.33038,12867.25235
2009-05-15T00:00:00Z,2610.22567,19618.08128,13624.11882
2009-05-22T00:00:00Z,3488.19753,21465.39063,14491.66979
2009-05-29T00:00:00Z,3276.49011,20908.92832,14214.95854
2009-06-05T00:00:00Z,2336.33102,22962.8328,13273.87909
2009-06-12T00:00:00Z,4653.44987,23744.69752,15691.79664
2009-06-19T00:00:00Z,9329.00535,24887.83588,20601.1602
2009-06-26T00:00:00Z,11354.87051,25941.51166,22640.64451
2009-07-03T00:00:00Z,8665.72908,24874.54007,19789.21268
2009-07-10T00:00:00Z,7093.3974,25259.74897,18146.34782
2009-07-17T00:00:00Z,6787.09402,22842.0271,17758.95208
2009-07-24T00:00:00Z,6517.67472,20764.87519,17500.68824
2009-07-31T00:00:00Z,5637.09418,19912.9234,16633.13727
2009-08-07T00:00:00Z,3910.04649,19181.06483,14787.87322
2009-08-14T00:00:00Z,2352.00237,19187.90448,13099.15102
2009-08-21T00:00:00Z,1892.46787,18982.95594,12646.92812
2009-08-28T00:00:00Z,2000.10724,19165.87264,12757.61262
2009-09-04T00:00:00Z,1418.64579,19282.31032,12240.56257
2009-09-11T00:00:00Z,1308.39774,18855.19096,12129.87807
2009-09-18T00:00:00Z,2855.6446,21251.56883,13689.46836
2009-09-25T00:00:00Z,7583.87585,25640.8291,18644.95046
2009-10-02T00:00:00Z,11687.17971,25594.29379,22908.39325
2009-10-09T00:00:00Z,6340.88445,24504.33865,17316.21408
2009-10-16T00:00:00Z,5211.1123,23279.52204,16227.29411
2009-10-23T00:00:00Z,5760.30693,24917.89833,16799.68641
2009-10-30T00:00:00Z,5878.70191,25034.14426,16891.92349
2009-11-06T00:00:00Z,6478.42413,24657.86314,17408.97355
2009-11-13T00:00:00Z,7537.76186,23667.44182,18497.89351
2009-11-20T00:00:00Z,7435.01897,23595.45132,18405.65643
2009-11-27T00:00:00Z,7757.6162,23679.2177,18756.15735
2009-12-04T00:00:00Z,7236.75685,23682.25755,18230.14478
2009-12-11T00:00:00Z,13495.57859,24550.42537,23600.95495
2009-12-18T00:00:00Z,15995.20721,25593.65345,24671.4275
2009-12-25T00:00:00Z,15956.07698,25677.41983,24671.4275
2010-01-01T00:00:00Z,11277.46232,24417.81741,23202.0667
2010-01-08T00:00:00Z,19897.8995,25054.08345,26757.99161
2010-01-15T00:00:00Z,24704.73646,24845.24714,32297.07802
2010-01-22T00:00:00Z,25869.06178,25218.77164,32632.24142
2010-01-29T00:00:00Z,26017.7983,25790.09576,31897.02051
2010-02-05T00:00:00Z,23151.11428,25151.98476,30725.06943
2010-02-12T00:00:00Z,19178.34282,26282.08415,25287.11565
2010-02-19T00:00:00Z,14443.26543,27875.9552,22153.85191
2010-02-26T00:00:00Z,11439.52607,26783.64805,20869.93913
2010-03-05T00:00:00Z,10677.46232,26694.99998,20028.20888
2010-03-12T00:00:00Z,9770.51719,26602.76847,19524.53996
2010-03-19T00:00:00Z,9367.93474,26216.90516,19097.7706
2010-03-26T00:00:00Z,10827.84489,26635.92354,20200.95022
2010-04-02T00:00:00Z,10685.97177,26486.01062,20000.92659
2010-04-09T00:00:00Z,11447.47247,26282.30757,20740.95377
2010-04-16T00:00:00Z,15941.22136,26984.33237,24452.11023
2010-04-23T00:00:00Z,16934.29465,27908.5403,25042.99801
2010-04-30T00:00:00Z,16096.82129,28730.70408,24633.4745
2010-05-07T00:00:00Z,13153.08162,28969.42869,22522.81049
2010-05-14T00:00:00Z,12724.04983,26403.67796,22100.56454
2010-05-21T00:00:00Z,12047.95681,26302.95494,21982.7313
2010-05-28T00:00:00Z,12536.34653,26907.27194,22952.2556
2010-06-04T00:00:00Z,11556.63753,26059.9925,21927.38905
2010-06-11T00:00:00Z,11070.21474,26126.03349,21410.29094
2010-06-18T00:00:00Z,9082.46376,25088.72854,19265.49373
2010-06-25T00:00:00Z,9626.59844,25418.26148,18958.9505
2010-07-02T00:00:00Z,10675.77922,24355.18821,20077.96246
2010-07-09T00:00:00Z,10795.82024,22998.89302,20684.18776
2010-07-16T00:00:00Z,10178.92169,21855.52773,19543.61849
2010-07-23T00:00:00Z,10187.71038,29817.86742,19578.81695
2010-07-30T00:00:00Z,12698.20518,26689.84737,23077.6465
2010-08-06T00:00:00Z,11234.43989,25335.93937,20982.75415
2010-08-13T00:00:00Z,11646.7366,25783.27335,20109.91471
2010-08-20T00:00:00Z,11769.70718,24995.42394,20264.9154
2010-08-27T00:00:00Z,10234.02489,24264.14942,20104.53799
2010-09-03T00:00:00Z,8766.60958,23842.07711,18995.84533
2010-09-10T00:00:00Z,8284.76239,21949.37591,18472.52743
2010-09-17T00:00:00Z,7352.69307,22244.48894,17485.05052
2010-09-24T00:00:00Z,8289.65887,22364.00692,18010.77156
2010-10-01T00:00:00Z,8039.46298,22116.31759,18177.36876
2010-10-08T00:00:00Z,7596.18297,21678.32481,17617.01972
2010-10-15T00:00:00Z,7601.72121,21793.99549,17633.064
2010-10-22T00:00:00Z,7777.86972,27201.96981,17841.49861
2010-10-29T00:00:00Z,10133.66934,25677.03533,20314.64376
2010-11-05T00:00:00Z,13337.13488,27258.08908,22194.36169
2010-11-12T00:00:00Z,13597.52333,25285.0853,21487.77119
2010-11-19T00:00:00Z,18406.6481,25423.09743,26097.83284
2010-11-26T00:00:00Z,18393.60469,24462.29525,26539.23297
2010-12-03T00:00:00Z,19906.4506,28119.15162,28064.52223
2010-12-10T00:00:00Z,23080.84187,29791.96893,30411.68082
2010-12-17T00:00:00Z,27373.60188,32364.79503,33006.85957
2010-12-24T00:00:00Z,26442.17432,33133.92864,33423.09768
2010-12-31T00:00:00Z,27220.28975,34440.40239,34211.25771
2011-01-07T00:00:00Z,18058.85714,35002.29259,25814.21553
2011-01-14T00:00:00Z,14948.24677,30252.14042,23584.22282
2011-01-21T00:00:00Z,9432.04923,30290.22645,23528.88057
2011-01-28T00:00:00Z,8409.73383,26689.23428,17380.73315
2011-02-04T00:00:00Z,7357.26846,24045.87778,15676.97441
2011-02-11T00:00:00Z,7387.93089,22617.6044,15713.86925
2011-02-18T00:00:00Z,8622.10362,22885.55761,16942.74233
2011-02-25T00:00:00Z,8367.84458,24667.84101,18072.3927
2011-03-04T00:00:00Z,14577.58028,27905.38169,21291.51299
2011-03-11T00:00:00Z,17704.52615,32732.04895,24017.40658
2011-03-18T00:00:00Z,15756.13737,38865.19346,24574.37469
2011-03-25T00:00:00Z,18060.26518,38578.81119,25355.55065
2011-04-01T00:00:00Z,17561.00699,37599.05396,25876.33069
2011-04-08T00:00:00Z,17490.7225,34939.02054,24676.10613
2011-04-15T00:00:00Z,16096.05335,31949.14104,24795.41356
2011-04-22T00:00:00Z,16300.57648,32086.56737,25043.8529
2011-04-29T00:00:00Z,15491.44359,32037.63079,24666.28164
2011-05-06T00:00:00Z,15492.40623,28159.68198,23157.79936
2011-05-13T00:00:00Z,12491.8107,27124.19425,20731.85888
2011-05-20T00:00:00Z,12066.59989,27078.29752,20320.06697
2011-05-27T00:00:00Z,12525.08181,26897.60089,21283.31396
2011-06-03T00:00:00Z,11760.97992,26825.04217,20428.5721
2011-06-10T00:00:00Z,9093.15773,24382.32426,17660.27065
2011-06-17T00:00:00Z,9653.74077,24555.65173,18744.02663
2011-06-24T00:00:00Z,14641.47217,25744.6921,22955.41986
2011-07-01T00:00:00Z,13858.42611,26685.73705,22110.71444
2011-07-08T00:00:00Z,15317.34967,25488.77161,22587.17829
2011-07-15T00:00:00Z,12312.42206,24725.43799,20919.961
2011-07-22T00:00:00Z,10132.77126,23762.09205,16672.85126
2011-07-29T00:00:00Z,8531.93293,23632.28995,16561.67195
2011-08-05T00:00:00Z,6606.70141,22527.83046,15619.27551
2011-08-12T00:00:00Z,5761.16597,22525.74408,14381.20236
2011-08-19T00:00:00Z,5510.16788,22776.79519,13045.79116
2011-08-26T00:00:00Z,5864.42131,20673.24518,14915.8473
2011-09-02T00:00:00Z,5777.83266,20435.54969,13769.46914
2011-09-09T00:00:00Z,6134.35306,19505.50308,14133.19873
2011-09-16T00:00:00Z,5964.87639,19248.13655,14033.81133
2011-09-23T00:00:00Z,5562.68323,22720.42259,14132.40964
2011-09-30T00:00:00Z,8087.12588,24663.48707,16239.63165
2011-10-07T00:00:00Z,11896.94196,24387.72491,17693.25467
2011-10-14T00:00:00Z,13737.22036,23380.10594,19445.28729
2011-10-21T00:00:00Z,16661.95172,26762.88543,22912.59952
2011-10-28T00:00:00Z,15635.24199,26099.98984,21849.34071
2011-11-04T00:00:00Z,15667.20875,25712.37967,21888.39128
2011-11-11T00:00:00Z,13836.10218,24202.62683,21465.54967
2011-11-18T00:00:00Z,12948.37764,23817.75921,20025.2735
2011-11-25T00:00:00Z,14952.04058,25237.56746,21167.75267
2011-12-02T00:00:00Z,14289.85856,10553.30273,11417.6346
2011-12-09T00:00:00Z,13473.2102,9203.92153,10108.61063
2011-12-16T00:00:00Z,17643.34092,10700.43838,12894.15793
2011-12-23T00:00:00Z,21678.74116,14155.233,16043.08145
2011-12-30T00:00:00Z,21947.20813,14381.54314,18826.30795
2012-01-06T00:00:00Z,20417.29501,16525.15215,16904.94654
2012-01-13T00:00:00Z,24636.98725,20967.18926,20740.35024
2012-01-20T00:00:00Z,26968.24313,25643.08864,22630.99929
2012-01-27T00:00:00Z,27652.04923,28037.61762,26832.24143
2012-02-03T00:00:00Z,25806.43758,26780.6608,25928.2821
2012-02-10T00:00:00Z,20178.51731,26156.18899,19981.10776
2012-02-17T00:00:00Z,22303.78528,22180.69598,19890.07224
2012-02-24T00:00:00Z,22016.08437,22664.05952,19538.61716
2012-03-02T00:00:00Z,20461.12402,23316.29608,18845.97099
2012-03-09T00:00:00Z,21958.83299,23128.42732,19832.23688
2012-03-16T00:00:00Z,21845.15323,17992.59831,18544.45111
2012-03-23T00:00:00Z,20867.82438,17611.94918,18686.16403
2012-03-30T00:00:00Z,19678.46723,23242.0732,17422.33871
2012-04-06T00:00:00Z,19141.93288,20814.70968,16359.71354
2012-04-13T00:00:00Z,14517.46555,21136.96142,12728.64493
2012-04-20T00:00:00Z,13529.38109,19048.6511,11694.10478
2012-04-27T00:00:00Z,13523.01983,19074.23119,11687.0368
2012-05-04T00:00:00Z,12436.90771,16809.20809,10023.89974
2012-05-11T00:00:00Z,9590.68679,15105.27635,8856.51659
2012-05-18T00:00:00Z,7520.38241,10629.86426,7286.89499
2012-05-25T00:00:00Z,7412.61987,10239.07527,7258.16333
2012-06-01T00:00:00Z,5248.68218,8264.71525,5516.80363
2012-06-08T00:00:00Z,5938.26588,8192.74058,6339.51602
2012-06-15T00:00:00Z,5741.06665,8272.55938,6120.40872
2012-06-22T00:00:00Z,6225.6459,8038.03568,6683.54974
2012-06-29T00:00:00Z,12421.26509,9744.26666,13788.67118
2012-07-06T00:00:00Z,10567.95057,10896.87465,11021.31273
2012-07-13T00:00:00Z,8153.73546,12542.41604,7963.77536
2012-07-20T00:00:00Z,12074.62948,13579.07713,10291.57925
2012-07-27T00:00:00Z,15055.31809,15461.32887,13985.58795
2012-08-03T00:00:00Z,10929.98246,12123.67712,11007.99004
2012-08-10T00:00:00Z,7743.8289,8138.74793,7015.74823
2012-08-17T00:00:00Z,7335.42439,7378.11991,6533.71226
2012-08-24T00:00:00Z,11651.21902,6660.54053,9283.33307
2012-08-31T00:00:00Z,10137.35582,6837.86307,8863.38902
2012-09-07T00:00:00Z,7838.8689,6462.27897,7439.08752
2012-09-14T00:00:00Z,7728.62085,9661.37124,6722.42985
2012-09-21T00:00:00Z,7576.67116,12686.49921,7199.90695
2012-09-28T00:00:00Z,13189.94362,11482.83662,13088.4172
2012-10-05T00:00:00Z,18210.23254,13540.84639,16458.74527
2012-10-12T00:00:00Z,20507.69871,12132.06461,19337.10956
2012-10-19T00:00:00Z,22500.5821,12395.67619,22634.85179
2012-10-26T00:00:00Z,22181.93517,13298.25689,23502.19869
2012-11-02T00:00:00Z,22385.81654,12920.89948,21385.4113
2012-11-09T00:00:00Z,17545.24745,14819.27928,17490.21245
2012-11-16T00:00:00Z,18133.63457,14674.94645,17554.88439
2012-11-23T00:00:00Z,21950.74155,13490.33566,20929.4206
2012-11-30T00:00:00Z,29283.52343,14206.91935,28088.08193
2012-12-07T00:00:00Z,28070.82776,18052.73488,27339.98591
2012-12-14T00:00:00Z,24890.1101,23254.96551,24019.87324
2012-12-21T00:00:00Z,23753.42874,22480.79715,22825.8795
2012-12-28T00:00:00Z,22565.21549,21958.80929,22712.08511
2013-01-04T00:00:00Z,20129.79568,19406.84973,19036.74503
2013-01-11T00:00:00Z,15806.54523,13320.60819,15654.22489
2013-01-18T00:00:00Z,17035.25281,14048.52094,16933.93809
2013-01-25T00:00:00Z,20431.0035,15631.92493,20499.90023
2013-02-01T00:00:00Z,16349.16027,17652.70687,14174.56489
2013-02-08T00:00:00Z,15382.53028,20861.02422,13691.82216
2013-02-15T00:00:00Z,17574.05582,22465.1829,15984.07895
2013-02-22T00:00:00Z,17791.30148,21158.95016,16848.16703
2013-03-01T00:00:00Z,27173.54003,20890.6803,22284.45576
2013-03-08T00:00:00Z,25565.68504,18602.04278,20622.69044
2013-03-15T00:00:00Z,19536.6114,15480.23787,17943.08045
2013-03-22T00:00:00Z,16088.68707,13194.82315,16095.42745
2013-03-29T00:00:00Z,16658.99332,10816.30613,16696.94025
2013-04-05T00:00:00Z,17279.86882,11625.70413,17508.43913
2013-04-12T00:00:00Z,20131.40007,11048.9885,18711.46472
2013-04-19T00:00:00Z,24117.52125,11746.01374,21843.39688
2013-04-26T00:00:00Z,21190.29657,15006.85638,19968.88549
2013-05-03T00:00:00Z,17870.23931,16465.36875,16835.28345
2013-05-10T00:00:00Z,15941.11225,14361.12739,15948.93129
2013-05-17T00:00:00Z,15447.14118,12199.16768,14229.20864
2013-05-24T00:00:00Z,14940.76847,12211.21447,12502.77139
2013-05-31T00:00:00Z,13595.31195,12222.84258,11645.3979
2013-06-07T00:00:00Z,10808.67687,12386.49428,10100.02639
2013-06-14T00:00:00Z,8956.84763,11216.61302,9320.75403
2013-06-21T00:00:00Z,8917.7174,9898.40561,8534.26674
2013-06-28T00:00:00Z,8577.37934,10139.04947,8931.28055
2013-07-05T00:00:00Z,8027.30079,9925.27425,8295.47811
2013-07-12T00:00:00Z,7814.63073,10282.67419,8026.68303
2013-07-19T00:00:00Z,12727.53265,9130.76286,10165.84745
2013-07-26T00:00:00Z,12259.64841,12076.27433,10293.7778
2013-08-02T00:00:00Z,10599.61978,11800.92907,8992.84496
2013-08-09T00:00:00Z,16279.52503,13134.21256,12570.53992
2013-08-16T00:00:00Z,15146.09682,14002.36983,13170.14439
2013-08-23T00:00:00Z,15205.77562,12861.09795,13261.88666
2013-08-30T00:00:00Z,11330.88596,11427.15301,10867.0664
2013-09-06T00:00:00Z,9254.84667,9217.91736,8745.12228
2013-09-13T00:00:00Z,8203.93364,9262.00919,7655.89109
2013-09-20T00:00:00Z,9293.9769,9844.88191,7606.76862
2013-09-27T00:00:00Z,9293.9769,12964.08325,8208.28142
2013-10-04T00:00:00Z,8203.93364,13639.33369,7403.81256
2013-10-11T00:00:00Z,7319.37615,10269.48586,5317.58726
2013-10-18T00:00:00Z,5416.01503,7800.3716,3865.41557
2013-10-25T00:00:00Z,7799.98293,6896.81562,5805.30566
2013-11-01T00:00:00Z,9549.39015,7204.42634,7496.95737
2013-11-08T00:00:00Z,10260.286,10440.73912,8268.80838
2013-11-15T00:00:00Z,10868.75985,13206.26643,1694.57551
2013-11-22T00:00:00Z,10133.38157,11375.92779,8134.87019
2013-11-29T00:00:00Z,8383.33259,9987.99921,6867.17267
2013-12-06T00:00:00Z,11816.60911,11074.46071,9368.07248
2013-12-13T00:00:00Z,18141.18888,14598.91493,14244.14001
2013-12-20T00:00:00Z,19903.63952,16996.02286,17323.09051
2013-12-27T00:00:00Z,23147.04071,16954.63311,21929.86814
2014-01-03T00:00:00Z,25425.29805,19426.55541,24709.59515
2014-01-10T00:00:00Z,29011.21204,25316.96265,25007.86371
2014-01-17T00:00:00Z,30202.81066,29350.34114,28081.02383
2014-01-24T00:00:00Z,31784.56238,30912.56121,31526.52583
2014-01-31T00:00:00Z,31125.63174,33665.87285,30227.00607
2014-02-07T00:00:00Z,31202.2878,34518.80296,29909.71213
2014-02-14T00:00:00Z,28934.55598,28094.90992,28658.60807
2014-02-21T00:00:00Z,19879.88089,19402.21575,19597.45023
2014-02-28T00:00:00Z,16069.52758,13807.33845,13779.08397
2014-03-07T00:00:00Z,14576.5127,12253.13727,12589.98914
2014-03-14T00:00:00Z,16887.95036,12434.72404,15085.97748
2014-03-21T00:00:00Z,22448.35703,13045.71709,18047.49894
2014-03-28T00:00:00Z,24688.37681,16937.50353,22211.99162
2014-04-04T00:00:00Z,21391.78894,15392.85516,19330.28296
2014-04-11T00:00:00Z,17958.8662,14807.3296,14463.33869
2014-04-18T00:00:00Z,13475.57619,13553.76289,12047.3598
2014-04-25T00:00:00Z,10664.05826,12513.33013,9638.80227
2014-05-02T00:00:00Z,10176.70052,11312.71021,8514.70185
2014-05-09T00:00:00Z,10241.45708,11946.87681,7990.61061
2014-05-16T00:00:00Z,6815.21648,12423.82992,6104.236
2014-05-23T00:00:00Z,10030.57268,14598.00531,7141.88723
2014-05-30T00:00:00Z,13463.49542,12318.13021,12008.83151
2014-06-06T00:00:00Z,10223.33592,10357.57355,9313.40651
2014-06-13T00:00:00Z,9652.82123,9157.5454,8097.99572
2014-06-20T00:00:00Z,11515.44064,9568.80409,10610.80679
2014-06-27T00:00:00Z,14968.2702,14703.21873,14303.54657
2014-07-04T00:00:00Z,18464.80559,13583.58355,16836.49394
2014-07-11T00:00:00Z,16362.10415,11587.80556,15223.57925
2014-07-18T00:00:00Z,16403.84306,9965.65058,11733.26625
2014-07-25T00:00:00Z,22373.96794,15601.58162,19845.19408
2014-08-01T00:00:00Z,17897.19964,14844.83727,17622.67448
2014-08-08T00:00:00Z,16964.90648,16152.30143,16668.1426
2014-08-15T00:00:00Z,18178.37884,16699.24135,16776.91877
2014-08-22T00:00:00Z,17665.25516,17883.04995,16842.79227
2014-08-29T00:00:00Z,15445.46307,17840.5836,14477.59677
2014-09-05T00:00:00Z,12705.38384,15839.88736,12338.447
2014-09-12T00:00:00Z,11318.04141,11664.20613,12097.64018
2014-09-19T00:00:00Z,8039.07255,9989.11069,8616.44491
2014-09-26T00:00:00Z,6992.59749,9620.01227,7542.1108
2014-10-03T00:00:00Z,5346.91224,9637.72469,6773.85712
2014-10-10T00:00:00Z,4753.5518,9858.5814,6207.21579
2014-10-17T00:00:00Z,6584.1857,11352.989,7060.35583
2014-10-24T00:00:00Z,7488.08342,15674.99446,8002.41267
2014-10-31T00:00:00Z,13544.65733,16543.99437,12056.46826
2014-11-07T00:00:00Z,17316.5128,18387.40331,15604.64801
2014-11-14T00:00:00Z,17321.73017,18464.85955,17392.91913
2014-11-21T00:00:00Z,24008.34859,17643.72841,22209.1852
2014-11-28T00:00:00Z,23981.75963,17873.28597,23368.90037
2014-12-05T00:00:00Z,27361.49508,18520.39861,25340.17507
2014-12-12T00:00:00Z,27011.788,20336.05698,25086.64502
2014-12-19T00:00:00Z,30257.47638,23621.87279,30385.79605
2014-12-26T00:00:00Z,30164.66608,24129.4425,30284.08785
2015-01-02T00:00:00Z,29517.3047,22790.53083,31663.61933
2015-01-09T00:00:00Z,29249.09259,23404.97327,31006.2415
2015-01-16T00:00:00Z,31133.01967,25933.31173,32480.81869
2015-01-23T00:00:00Z,29842.59286,27384.25025,31666.55982
2015-01-30T00:00:00Z,23639.03132,28137.23116,26748.08443
2015-02-06T00:00:00Z,24654.17784,28760.1742,27749.42634
2015-02-13T00:00:00Z,28010.53749,27716.76668,27795.05007
2015-02-20T00:00:00Z,27056.2724,27615.90469,30299.16219
2015-02-27T00:00:00Z,25568.50862,26707.55039,27499.07867
2015-03-06T00:00:00Z,24969.77017,25636.08988,27506.77416
2015-03-13T00:00:00Z,21262.07801,24827.21311,23526.5299
2015-03-20T00:00:00Z,16491.96031,22253.99471,19019.26928
2015-03-27T00:00:00Z,16696.64201,20917.07149,18600.84511
2015-04-03T00:00:00Z,17003.26627,21176.57843,19243.88429
2015-04-10T00:00:00Z,15776.13123,18070.56911,16688.34545
2015-04-17T00:00:00Z,15437.70064,15212.48485,16284.05723
2015-04-24T00:00:00Z,15348.00117,15306.50719,14967.23725
2015-05-01T00:00:00Z,15051.9929,13454.59069,14472.55083
2015-05-08T00:00:00Z,13672.04787,13094.07701,13520.67855
2015-05-15T00:00:00Z,11448.70862,13082.30113,12919.16575
2015-05-22T00:00:00Z,13498.0286,13937.47924,14577.51035
2015-05-29T00:00:00Z,12439.35564,16073.72693,14053.25049
2015-06-05T00:00:00Z,12375.74298,16065.33156,13435.60185
2015-06-12T00:00:00Z,15596.75122,19387.3546,16901.05736
2015-06-19T00:00:00Z,20713.58605,21949.88429,20661.17673
2015-06-26T00:00:00Z,29626.98949,25511.61531,30328.84943
2015-07-03T00:00:00Z,29167.05498,25363.84792,31492.75876
2015-07-10T00:00:00Z,26394.56493,24706.16826,29771.77111
2015-07-17T00:00:00Z,24700.47153,24797.71897,28542.02856
2015-07-24T00:00:00Z,23671.97968,24542.38605,26840.50592
2015-07-31T00:00:00Z,19488.70092,23529.51245,22951.54458
2015-08-07T00:00:00Z,18679.07994,22716.75421,21588.55079
2015-08-14T00:00:00Z,18235.96225,20306.94156,21100.97383
2015-08-21T00:00:00Z,15744.32865,18863.6097,17839.64146
2015-08-28T00:00:00Z,15601.29268,16992.47591,17136.25107
2015-09-04T00:00:00Z,15089.50353,18604.30297,16994.87178
2015-09-11T00:00:00Z,15225.69879,19165.45346,17147.61076
2015-09-18T00:00:00Z,15187.85207,17042.82878,17112.62425
2015-09-25T00:00:00Z,14235.21408,16538.29188,16687.81089
2015-10-02T00:00:00Z,13103.31676,14914.55167,15487.34079
2015-10-09T00:00:00Z,11027.40782,12948.48605,13200.76644
2015-10-16T00:00:00Z,11368.26582,12679.09737,13633.18513
2015-10-23T00:00:00Z,13163.63733,13404.35025,14992.41298
2015-10-30T00:00:00Z,19163.31749,15143.99665,21481.83012
2015-11-06T00:00:00Z,20896.88282,16701.85203,22846.3252
2015-11-13T00:00:00Z,23328.01647,22785.65711,26093.95299
2015-11-20T00:00:00Z,29732.02767,25408.96963,31852.20264
2015-11-27T00:00:00Z,29589.15027,29456.62202,33489.5127
2015-12-04T00:00:00Z,27539.83217,34366.35779,30416.17073
2015-12-11T00:00:00Z,25844.4363,35292.76645,29253.33384
2015-12-18T00:00:00Z,21656.40067,30628.26649,25394.41132
2015-12-25T00:00:00Z,21700.92953,28339.636,25443.88716
2016-01-01T00:00:00Z,17906.54013,26385.35331,22063.41677
2016-01-08T00:00:00Z,20496.84253,25985.89114,19796.06809
2016-01-15T00:00:00Z,18410.14363,24196.12599,18719.55461
2016-01-22T00:00:00Z,17726.6025,23707.71364,19056.13152
2016-01-29T00:00:00Z,18112.43695,22490.43156,18874.01006
2016-02-05T00:00:00Z,15066.37699,22843.05974,15487.34363
2016-02-12T00:00:00Z,14801.80357,21379.93545,15247.82504
2016-02-19T00:00:00Z,12327.07153,18847.4946,13694.57667
2016-02-26T00:00:00Z,11579.53513,14200.4245,12043.02783
2016-03-04T00:00:00Z,13236.42212,10836.97101,13565.19293
2016-03-11T00:00:00Z,12907.8174,10409.97831,13174.3339
2016-03-18T00:00:00Z,12954.69112,8402.16056,13231.2311
2016-03-25T00:00:00Z,13870.0747,10283.85991,14591.87719
2016-04-01T00:00:00Z,14058.54698,10297.25156,14134.87855
2016-04-08T00:00:00Z,11392.61155,11076.14153,12479.83098
2016-04-15T00:00:00Z,9402.19004,14535.62609,9943.40692
2016-04-22T00:00:00Z,8918.16707,13812.57569,9456.40316
2016-04-29T00:00:00Z,8658.20039,11913.53092,8655.93475
2016-05-06T00:00:00Z,10567.71673,11118.06624,8960.32238
2016-05-13T00:00:00Z,10234.46592,12886.36777,9970.46755
2016-05-20T00:00:00Z,9577.45764,14235.34129,9720.6147
2016-05-27T00:00:00Z,12393.96024,14453.90405,11571.02106
2016-06-03T00:00:00Z,14258.15156,11206.30943,14621.43678
2016-06-10T00:00:00Z,13535.11393,10444.13158,13389.16543
2016-06-17T00:00:00Z,13362.00617,11349.90693,13741.57467
2016-06-24T00:00:00Z,16001.53121,11652.03729,15402.34722
2016-07-01T00:00:00Z,15822.80858,13279.76915,13941.51203
2016-07-08T00:00:00Z,14638.77676,14463.36314,13290.19287
2016-07-15T00:00:00Z,10054.84844,11684.50484,8810.83738
2016-07-22T00:00:00Z,7646.31087,7282.77381,5954.1935
2016-07-29T00:00:00Z,5102.16453,6749.92132,4426.36952
2016-08-05T00:00:00Z,3473.89048,5406.4963,3698.06864
2016-08-12T00:00:00Z,3778.73335,4624.56649,2566.65729
2016-08-19T00:00:00Z,3650.8719,4428.28889,2795.8416
2016-08-26T00:00:00Z,12180.02374,5997.5949,10295.21718
2016-09-02T00:00:00Z,10846.81166,6356.73614,9064.64151
2016-09-09T00:00:00Z,5118.26598,4662.82463,4324.40711
2016-09-16T00:00:00Z,3868.5284,4431.34957,3107.27629
2016-09-23T00:00:00Z,3766.46621,4278.63253,2987.96887
2016-09-30T00:00:00Z,2467.00188,4094.01119,1713.34008
2016-10-07T00:00:00Z,2101.46947,6671.70343,1219.11687
2016-10-14T00:00:00Z,4321.69654,8155.53138,3373.14842
2016-10-21T00:00:00Z,7995.54121,7139.65487,5590.29696
2016-10-28T00:00:00Z,8474.91809,6839.98912,6547.41202
2016-11-04T00:00:00Z,11272.4662,6233.46102,9162.05966
2016-11-11T00:00:00Z,12637.79809,5283.11182,10047.1874
2016-11-18T00:00:00Z,14961.2299,6825.82622,13277.99481
2016-11-25T00:00:00Z,17968.04104,15554.82613,15731.19867
2016-12-02T00:00:00Z,26704.2135,16550.99568,23245.35451
2016-12-09T00:00:00Z,27472.20987,16361.43107,24893.68748
2016-12-16T00:00:00Z,29217.05565,18145.87649,26583.22675
2016-12-23T00:00:00Z,29073.90839,23190.30784,27359.82572
2016-12-30T00:00:00Z,27654.20366,23057.91801,26887.31129
2017-01-06T00:00:00Z,15749.0396,23608.1041,16066.32174
2017-01-13T00:00:00Z,12494.83428,23845.87255,8573.6387
2017-01-20T00:00:00Z,11639.32753,21929.09535,8178.68292
2017-01-27T00:00:00Z,14640.85592,22601.14038,11274.36397
2017-02-03T00:00:00Z,17200.52755,21513.41882,13836.94007
2017-02-10T00:00:00Z,13355.72018,20615.15336,9977.46364
2017-02-17T00:00:00Z,9092.53419,17194.36877,6503.11849
2017-02-24T00:00:00Z,9195.08509,16335.42251,5853.36491
2017-03-03T00:00:00Z,9481.23989,16465.73373,6566.5956
2017-03-10T00:00:00Z,15104.55957,17587.37152,9787.80387
2017-03-17T00:00:00Z,17043.74686,17724.70461,10868.4212
2017-03-24T00:00:00Z,17117.68482,17868.30212,12476.8696
2017-03-31T00:00:00Z,13773.91495,17729.26438,10198.91266
2017-04-07T00:00:00Z,11884.53698,13883.49911,8330.72883
2017-04-14T00:00:00Z,12186.01696,12789.78111,8571.63808
2017-04-21T00:00:00Z,11351.86838,12216.50993,7822.93282
2017-04-28T00:00:00Z,9433.8554,9760.28511,6133.13472
2017-05-05T00:00:00Z,9629.09374,9672.48158,6170.46872
2017-05-12T00:00:00Z,11245.13803,10207.93764,6865.13927
2017-05-19T00:00:00Z,10585.46297,13096.10722,6602.31657
2017-05-26T00:00:00Z,9951.79217,14488.43724,6361.89937
2017-06-02T00:00:00Z,8006.47059,14137.06432,4433.75586
2017-06-09T00:00:00Z,3965.34282,13059.67317,1592.02717
2017-06-16T00:00:00Z,5275.42283,12236.43806,2026.03352
2017-06-23T00:00:00Z,4952.34033,11149.54387,2142.58442
2017-06-30T00:00:00Z,4344.51199,8838.06177,1187.35288
2017-07-07T00:00:00Z,4326.49557,6775.08768,1346.59057
2017-07-14T00:00:00Z,4467.60543,5182.93709,1509.86081
2017-07-21T00:00:00Z,9408.74933,3222.10501,5557.05997
2017-07-28T00:00:00Z,10127.05925,2992.84474,6176.03253
2017-08-04T00:00:00Z,10443.29313,2430.52743,5750.69186
2017-08-11T00:00:00Z,12518.06806,3750.66641,8010.44879
2017-08-18T00:00:00Z,11738.86359,4112.50826,7327.86443
2017-08-25T00:00:00Z,15926.07422,3844.12054,11106.8366
2017-09-01T00:00:00Z,16723.21254,5040.421,11802.60275
2017-09-08T00:00:00Z,12747.07622,3275.8544,8026.74883
2017-09-15T00:00:00Z,11376.10166,5370.03682,6767.49104
2017-09-22T00:00:00Z,11347.1618,9586.8967,6342.95582
2017-09-29T00:00:00Z,11290.09771,10678.91887,6645.92192
2017-10-06T00:00:00Z,10124.79622,10798.67544,5679.2177
2017-10-13T00:00:00Z,10486.9264,12176.1739,5987.44943
2017-10-20T00:00:00Z,12880.62645,13024.8642,8127.89893
2017-10-27T00:00:00Z,13346.45007,13843.92304,8193.77243
2017-11-03T00:00:00Z,9996.50749,14757.30634,5609.67598
2017-11-10T00:00:00Z,11896.83098,14453.20747,7282.58161
2017-11-17T00:00:00Z,17093.13035,14146.81993,11247.22951
2017-11-24T00:00:00Z,18730.45024,12354.08882,12709.90093
2017-12-01T00:00:00Z,20916.57954,11564.00503,14449.41469
2017-12-08T00:00:00Z,18547.66196,14315.40797,13873.20337
2017-12-15T00:00:00Z,17240.35243,14149.77863,11895.8094
2017-12-22T00:00:00Z,14615.79067,15222.80176,9505.47158
2017-12-29T00:00:00Z,16468.91352,15093.63649,11104.48157
2018-01-05T00:00:00Z,11981.14633,12823.99654,8116.68515
2018-01-12T00:00:00Z,14170.57958,11228.05142,8884.05214
2018-01-19T00:00:00Z,13720.66064,10748.23966,8881.89641
2018-01-26T00:00:00Z,12802.07326,11544.51373,9270.49215
2018-02-02T00:00:00Z,13636.63513,11186.63218,9047.20344
2018-02-09T00:00:00Z,13307.03915,9997.33321,9194.53537
2018-02-16T00:00:00Z,14560.01988,10666.51784,10050.0415
2018-02-23T00:00:00Z,13957.49636,9589.88841,9030.17111
2018-03-02T00:00:00Z,14338.73628,9883.34639,8990.88915
2018-03-09T00:00:00Z,13938.05538,10338.65468,9469.31884
2018-03-16T00:00:00Z,11248.48771,10706.02033,7818.38733
2018-03-23T00:00:00Z,10741.17776,11210.73138,7305.71335
2018-03-30T00:00:00Z,10081.91707,12003.58916,6640.65376
2018-04-06T00:00:00Z,9769.77956,10601.67885,5513.42245
2018-04-13T00:00:00Z,9111.09015,8934.11969,5277.31671
2018-04-20T00:00:00Z,17957.27067,7371.79055,12172.24176
2018-04-27T00:00:00Z,17804.17739,5882.02012,12824.61279
2018-05-04T00:00:00Z,13315.27148,6243.80848,10082.52348
2018-05-11T00:00:00Z,12109.57395,7350.45814,8490.28994
2018-05-18T00:00:00Z,13588.22671,7372.69404,9787.36324
2018-05-25T00:00:00Z,14567.56069,7871.12135,9379.11694
2018-06-01T00:00:00Z,12347.69187,10325.73073,8464.71198
2018-06-08T00:00:00Z,11027.69052,12896.30686,7680.20512
2018-06-15T00:00:00Z,8260.27187,10501.61603,5106.30514
2018-06-22T00:00:00Z,7544.50453,7883.89768,4484.36175
2018-06-29T00:00:00Z,6089.09939,8254.31548,3537.78622
2018-07-06T00:00:00Z,4946.13981,6545.34568,2870.18108
2018-07-13T00:00:00Z,6086.45851,7276.83306,3547.7157
2018-07-20T00:00:00Z,8244.81809,8009.84036,5614.31487
2018-07-27T00:00:00Z,12330.70657,8570.20627,10179.43079
2018-08-03T00:00:00Z,15425.07755,8959.6438,10937.87042
2018-08-10T00:00:00Z,13744.09346,8649.26118,8981.25057
2018-08-17T00:00:00Z,13933.29881,8304.87909,7935.86636
2018-08-24T00:00:00Z,7518.56282,9832.84461,5225.41311
2018-08-31T00:00:00Z,5539.21821,9021.58241,4170.80362
2018-09-07T00:00:00Z,4830.25077,6293.4853,3503.49879
2018-09-14T00:00:00Z,5572.59365,6363.38063,2914.1372
2018-09-21T00:00:00Z,8780.06779,7221.76571,5486.23482
2018-09-28T00:00:00Z,14837.30971,6554.28572,10220.27544
2018-10-05T00:00:00Z,20808.13763,6237.21678,15304.78464
2018-10-12T00:00:00Z,20277.02595,6711.52411,16049.14535
2018-10-19T00:00:00Z,16404.32685,11461.01834,14584.84373
2018-10-26T00:00:00Z,24425.26127,19629.61365,19100.62682
2018-11-02T00:00:00Z,22952.08504,20244.78135,19451.44437
2018-11-09T00:00:00Z,23087.32703,20111.61924,20053.59892
2018-11-16T00:00:00Z,23122.12091,19624.57905,18934.78
2018-11-23T00:00:00Z,23753.99043,20030.29987,20385.9014
2018-11-30T00:00:00Z,23249.35788,22726.2485,19590.26408
2018-12-07T00:00:00Z,31808.846,23221.36393,27970.27883
2018-12-14T00:00:00Z,39363.21811,28154.34308,35074.55877
2018-12-21T00:00:00Z,39781.65724,30327.3539,35572.745
2018-12-28T00:00:00Z,38472.156,30483.87075,34868.03721
2019-01-04T00:00:00Z,34957.59647,28655.8717,32107.18523
2019-01-11T00:00:00Z,32931.17023,28429.86941,30534.68104
2019-01-18T00:00:00Z,31366.30561,29355.52162,28535.56823
2019-01-25T00:00:00Z,32214.28283,33324.81356,29800.06052
2019-02-01T00:00:00Z,32329.05928,37757.87146,30902.69853
2019-02-08T00:00:00Z,29587.53349,38135.50713,27293.36333
2019-02-15T00:00:00Z,25476.62577,37126.465,25228.83638
2019-02-22T00:00:00Z,15349.18723,32738.5329,14503.34147
2019-03-01T00:00:00Z,10444.86582,17419.10089,10734.05376
2019-03-08T00:00:00Z,7482.08889,11118.32158,6945.92367
2019-03-15T00:00:00Z,6443.0307,11687.41825,5939.77637
2019-03-22T00:00:00Z,7407.09094,11801.95251,6854.88816
2019-03-29T00:00:00Z,7470.34982,11934.72584,6926.52209
2019-04-05T00:00:00Z,7381.06169,5531.31356,5949.61682
2019-04-12T00:00:00Z,7210.52326,6806.87341,6225.45507
2019-04-19T00:00:00Z,7380.24606,6696.70717,6415.44226
2019-04-26T00:00:00Z,6581.839,6949.73734,6054.4101
2019-05-03T00:00:00Z,6199.86283,7197.59731,5750.61911
2019-05-10T00:00:00Z,6976.25788,7315.93841,6525.98657
2019-05-17T00:00:00Z,9365.62159,7196.27617,8324.58093
2019-05-24T00:00:00Z,11412.76069,5254.55746,9826.73391
2019-05-31T00:00:00Z,13791.84626,5519.90534,13139.1329
2019-06-07T00:00:00Z,14725.27439,6172.7521,13654.02216
2019-06-14T00:00:00Z,11343.97057,7283.6009,10902.46701
2019-06-21T00:00:00Z,8781.45975,10350.41592,8424.59438
2019-06-28T00:00:00Z,7893.71034,11004.06532,7539.24917
2019-07-05T00:00:00Z,8439.82061,10566.92435,6603.86213
2019-07-12T00:00:00Z,7680.62635,9281.6961,6328.21102
2019-07-19T00:00:00Z,7732.95846,9487.22693,6324.18242
2019-07-26T00:00:00Z,6755.03917,9415.62697,5853.33876
2019-08-02T00:00:00Z,5704.87702,9942.53461,5858.26935
2019-08-09T00:00:00Z,6558.53803,10879.5405,6904.67272
2019-08-16T00:00:00Z,7226.75534,12270.40865,7046.4211
2019-08-23T00:00:00Z,7099.42196,11541.56354,6893.57614
2019-08-30T00:00:00Z,6890.73406,11610.1307,6680.33526
2019-09-06T00:00:00Z,7181.96982,10975.31222,7032.77419
2019-09-13T00:00:00Z,6940.83519,11830.68561,6741.22023
2019-09-20T00:00:00Z,6258.38684,9954.69124,5867.36674
2019-09-27T00:00:00Z,11511.0569,10056.8814,10515.13951
2019-10-04T00:00:00Z,11409.79924,12453.92714,10984.9886
2019-10-11T00:00:00Z,12967.80671,20075.6652,12544.34645
2019-10-18T00:00:00Z,18976.25525,23626.68816,18341.26216
2019-10-25T00:00:00Z,21119.95354,25589.96989,20422.85827
2019-11-01T00:00:00Z,24961.74433,25797.13115,24027.83291
2019-11-08T00:00:00Z,28938.0639,26808.542,27841.47839
2019-11-15T00:00:00Z,41433.22234,32100.28622,39856.45091
2019-11-22T00:00:00Z,46886.48735,36613.32606,44603.95598
2019-11-29T00:00:00Z,51734.13844,41015.4397,49689.83323
2019-12-06T00:00:00Z,50536.75741,41136.76644,48587.7215
2019-12-13T00:00:00Z,50321.84197,41549.06568,48306.92117
2019-12-20T00:00:00Z,46909.80191,43187.54136,44975.67568
2019-12-27T00:00:00Z,46003.4546,44014.03973,44073.65744
2020-01-03T00:00:00Z,39477.05415,42377.22209,36918.18808
2020-01-10T00:00:00Z,38166.8104,39780.12734,34975.85175
2020-01-17T00:00:00Z,42520.06958,35200.20257,39385.95165
2020-01-24T00:00:00Z,41024.00957,28479.98983,37596.70853
2020-01-31T00:00:00Z,41779.15723,28183.30997,37991.36859
2020-02-07T00:00:00Z,36840.92734,29313.82205,34426.77191
2020-02-14T00:00:00Z,32576.51925,30235.95799,30360.88731
2020-02-21T00:00:00Z,22146.79938,32103.29605,20503.38509
2020-02-28T00:00:00Z,19554.21322,33041.32109,18181.36773
2020-03-06T00:00:00Z,17958.46069,32213.62051,16856.33608
2020-03-13T00:00:00Z,18402.94789,22379.8524,17547.67885
2020-03-20T00:00:00Z,22907.81675,17725.21833,21062.0197
2020-03-27T00:00:00Z,25864.54559,19454.15926,23792.83382
2020-04-03T00:00:00Z,24127.46122,22722.9688,23183.31559
2020-04-10T00:00:00Z,19643.26935,21068.73716,18911.45453
2020-04-17T00:00:00Z,16871.70663,19658.87852,16384.45513
2020-04-24T00:00:00Z,46854.22538,28909.83809,44860.13091
2020-05-01T00:00:00Z,57644.71743,35891.87172,55196.17623
2020-05-08T00:00:00Z,42452.30068,23373.07054,40754.5582
2020-05-15T00:00:00Z,18294.81167,18712.41411,17879.84767
2020-05-22T00:00:00Z,13333.34951,17461.32915,13066.12364
2020-05-29T00:00:00Z,14385.82351,17492.08407,14043.1544
2020-06-05T00:00:00Z,12066.46713,15360.23134,11679.8947
2020-06-12T00:00:00Z,11134.8607,10922.03643,10725.27564
2020-06-19T00:00:00Z,6851.36198,7265.91397,6659.52937
2020-06-26T00:00:00Z,6653.33055,9861.50336,6440.45299
2020-07-03T00:00:00Z,7265.8498,11545.55974,6965.43834
2020-07-10T00:00:00Z,9079.33861,10404.295,8649.44167
2020-07-17T00:00:00Z,9223.77718,9436.02669,8828.86363
2020-07-24T00:00:00Z,7408.38085,9729.86478,7059.05677
2020-07-31T00:00:00Z,5440.7713,9895.17247,5216.60007
2020-08-07T00:00:00Z,4628.97663,9092.10492,4154.98788
2020-08-14T00:00:00Z,2517.18488,8575.29366,2156.49026
2020-08-21T00:00:00Z,2492.46184,7641.62463,2128.55231
2020-08-28T00:00:00Z,5708.37524,7047.92607,5178.71157
2020-09-04T00:00:00Z,4171.35902,6026.36267,3677.59106
2020-09-11T00:00:00Z,3082.8416,5696.25893,2764.21063
2020-09-18T00:00:00Z,1997.7927,5114.09347,1740.53881
2020-09-25T00:00:00Z,1983.50359,7200.56033,1718.39425
2020-10-02T00:00:00Z,2449.31273,9559.94989,2288.9179
2020-10-09T00:00:00Z,1767.5534,9429.24148,1619.8262
2020-10-16T00:00:00Z,3747.3654,8854.76475,3461.02912
2020-10-23T00:00:00Z,3860.69679,9899.92036,3604.36781
2020-10-30T00:00:00Z,3583.93128,9043.13863,3396.60241
2020-11-06T00:00:00Z,2985.10385,8370.22782,2822.12879
2020-11-13T00:00:00Z,2456.92845,5868.56954,2220.93118
2020-11-20T00:00:00Z,2457.45906,4846.48012,2203.3781
2020-11-27T00:00:00Z,2534.00024,3856.81197,2176.90921
2020-12-04T00:00:00Z,13432.48261,2941.43934,12322.54219
2020-12-11T00:00:00Z,19541.16854,3763.62179,18051.21945
2020-12-18T00:00:00Z,12005.12307,7521.3641,10881.5911
2020-12-25T00:00:00Z,11011.40605,7617.47323,9939.40713
2021-01-01T00:00:00Z,6659.13214,8871.89091,5803.76843
2021-01-08T00:00:00Z,1821.71857,5368.17985,319.72429
2021-01-15T00:00:00Z,577.00013,2825.04617,-408.03501
2021-01-22T00:00:00Z,1561.97684,2413.29743,907.32479
2021-01-29T00:00:00Z,1101.40025,2001.54869,51.74137
2021-02-05T00:00:00Z,354.51226,1733.07839,-188.49648
2021-02-12T00:00:00Z,912.18616,5419.59524,-237.82885
2021-02-19T00:00:00Z,11499.19563,11399.36204,7024.71227
2021-02-26T00:00:00Z,16230.47749,12530.81041,13020.76555
2021-03-05T00:00:00Z,23097.0745,12855.41199,19229.85572
2021-03-12T00:00:00Z,23845.31711,11424.10316,20747.59271
2021-03-19T00:00:00Z,17024.24271,12570.52729,13715.28028
2021-03-26T00:00:00Z,19053.83686,14355.5177,15681.98936
2021-04-02T00:00:00Z,14703.2181,14521.18466,11922.60466
2021-04-09T00:00:00Z,9893.8767,16133.17864,7602.72445
2021-04-16T00:00:00Z,17487.72218,14378.94315,14380.9754
2021-04-23T00:00:00Z,16505.46898,10927.33427,13499.7368
2021-04-30T00:00:00Z,10581.30222,9746.31085,8147.14264
2021-05-07T00:00:00Z,7217.87006,6527.59152,4891.94327
2021-05-14T00:00:00Z,4224.3348,5523.40889,2152.63667
2021-05-21T00:00:00Z,3522.41691,5288.50094,1586.00476
2021-05-28T00:00:00Z,3957.4217,6504.52534,1954.90284
2021-06-04T00:00:00Z,3573.98715,4926.48555,1444.43239
2021-06-11T00:00:00Z,2967.84031,4841.90952,859.88209
2021-06-18T00:00:00Z,2898.92366,4264.85309,778.30779
2021-06-25T00:00:00Z,3772.90335,4584.33707,1546.48893
2021-07-02T00:00:00Z,7720.94207,4029.5017,7028.25348
2021-07-09T00:00:00Z,10719.98615,5999.42331,7965.40256
2021-07-16T00:00:00Z,10615.54129,5787.98325,8727.73844
2021-07-23T00:00:00Z,11987.72089,8015.47731,9175.22978
2021-07-30T00:00:00Z,8744.37377,8977.77362,6166.81616
2021-08-06T00:00:00Z,6020.10124,9868.1666,3817.4668
2021-08-13T00:00:00Z,3927.70085,9387.21929,3017.82844
2021-08-20T00:00:00Z,4139.48211,9375.2845,2377.7935
2021-08-27T00:00:00Z,3986.26325,7140.1017,2204.18221
2021-09-03T00:00:00Z,4883.413,7033.57857,2894.2747
2021-09-10T00:00:00Z,4818.82906,6537.2538,2820.87166
2021-09-17T00:00:00Z,3518.68782,5833.33332,1658.73178
2021-09-24T00:00:00Z,3883.51564,6545.34422,1910.04145
2021-10-01T00:00:00Z,3612.78197,8067.03572,1616.93913
2021-10-08T00:00:00Z,6054.32435,8336.94465,3509.2379
2021-10-15T00:00:00Z,8393.1015,9784.03264,5302.72918
2021-10-22T00:00:00Z,9742.9409,9587.97003,6325.78248
2021-10-29T00:00:00Z,9837.17297,10719.0167,6420.13682
2021-11-05T00:00:00Z,10092.21279,12103.29643,6779.47072
2021-11-12T00:00:00Z,30569.85835,20926.45908,23550.55288
2021-11-19T00:00:00Z,35161.04968,21399.31597,27418.12105
2021-11-26T00:00:00Z,35023.84402,21433.91525,27293.58921
2021-12-03T00:00:00Z,38381.2929,21640.94754,30545.25073
2021-12-10T00:00:00Z,36817.41327,21329.95568,29102.33061
2021-12-17T00:00:00Z,22759.09963,21356.86624,17559.02548
